season,temp,MLD,Nutrient
winter,15.50588105,79.48604363,2.869895879
spring,16.27119551,56.16031682,1.669112456
summer,24.51553736,34.8908231,2.954295366
autum,22.18048546,34.05565423,1.720874753
